{
    "1_0_WEB_WAF": 0.0,
    "1_0_SIGNATURE_SCAN": 1.2478899651008897e-29,
    "1_0_IGNORE": 0.0,
    "1_0_WIFI_DEFENSE": 0.0,
    "1_1_SIGNATURE_SCAN": 0.19483545600049101,
    "1_1_WEB_WAF": 9.881264277390384,
    "1_2_SIGNATURE_SCAN": 5.99529815015424,
    "1_1_OBSERVE": 0.0,
    "1_0_HEURISTIC_SCAN": 0.0,
    "1_0_OBSERVE": 0.0,
    "1_1_NET_IDS": 0.0,
    "1_2_HEURISTIC_SCAN": 19.999999997257966,
    "1_1_NETWORK_HUNT": 0.0,
    "1_1_WIFI_DEFENSE": 0.0,
    "1_3_SIGNATURE_SCAN": 7.147564165594349,
    "1_1_HEURISTIC_SCAN": 9.999999999999998,
    "1_1_IGNORE": -9.999999986632506,
    "1_3_WIFI_DEFENSE": 0.0,
    "1_2_IGNORE": -9.9637202944,
    "1_0_NETWORK_HUNT": 0.0,
    "1_3_NETWORK_HUNT": 0.0,
    "1_2_NET_IDS": 0.0,
    "1_0_NET_IDS": 0.0,
    "1_2_WIFI_DEFENSE": 0.0,
    "1_2_OBSERVE": 0.0,
    "1_2_NETWORK_HUNT": 0.0,
    "1_4_SIGNATURE_SCAN": 8.40192,
    "1_2_WEB_WAF": 10.071267653343073,
    "1_3_IGNORE": -8.704,
    "1_3_OBSERVE": 0.0,
    "1_4_WIFI_DEFENSE": 0.0,
    "1_3_HEURISTIC_SCAN": 21.792,
    "1_5_SIGNATURE_SCAN": 2.4,
    "1_3_WEB_WAF": 4.0,
    "1_3_NET_IDS": 0.0,
    "1_5_WEB_WAF": 20.0
}