{
    "1_0_WEB_WAF": 0.0,
    "1_0_SIGNATURE_SCAN": 0.0031345665638399982,
    "1_0_IGNORE": 0.0,
    "1_0_WIFI_DEFENSE": 0.0,
    "1_1_SIGNATURE_SCAN": 10.000000103631526,
    "1_1_WEB_WAF": 1.4743934510402208,
    "1_2_SIGNATURE_SCAN": 9.986939305984,
    "1_1_OBSERVE": 0.0,
    "1_0_HEURISTIC_SCAN": 0.0,
    "1_0_OBSERVE": 0.0,
    "1_1_NET_IDS": 0.0,
    "1_2_HEURISTIC_SCAN": 19.55692593745446,
    "1_1_NETWORK_HUNT": 0.0,
    "1_1_WIFI_DEFENSE": 0.0,
    "1_3_SIGNATURE_SCAN": 19.85434490442875,
    "1_1_HEURISTIC_SCAN": 6.866469265231498,
    "1_1_IGNORE": -9.999999522480334,
    "1_3_WIFI_DEFENSE": 0.0,
    "1_2_IGNORE": -9.8320384,
    "1_0_NETWORK_HUNT": 0.0,
    "1_3_NETWORK_HUNT": 0.0,
    "1_2_NET_IDS": 0.0,
    "1_0_NET_IDS": 0.0,
    "1_2_WIFI_DEFENSE": 0.0,
    "1_2_OBSERVE": 0.0,
    "1_2_NETWORK_HUNT": 0.0,
    "1_4_SIGNATURE_SCAN": 14.0032,
    "1_2_WEB_WAF": 10.118779422238454,
    "1_3_IGNORE": -8.704,
    "1_3_OBSERVE": 0.0,
    "1_4_WIFI_DEFENSE": 0.0,
    "1_3_HEURISTIC_SCAN": 7.199999999999999,
    "1_5_SIGNATURE_SCAN": 4.0,
    "1_3_WEB_WAF": 4.0,
    "1_3_NET_IDS": 0.0
}