{
    "1_0_HEURISTIC_SCAN": -5.9994000000000005,
    "1_0_SIGNATURE_SCAN": 0.0,
    "1_1_OBSERVE": 0.0,
    "1_2_SIGNATURE_SCAN": 9.995000999900006,
    "3_1_OBSERVE": 0.0,
    "3_2_IGNORE": -19.986004199300073,
    "3_3_SIGNATURE_SCAN": 9.99200279944007,
    "4_3_OBSERVE": 3.9964014396640506,
    "4_3_HEURISTIC_SCAN": 11.427270959805409,
    "5_1_SIGNATURE_SCAN": 176.35100316707394,
    "5_0_IGNORE": 37.381914259950534,
    "5_0_SIGNATURE_SCAN": 0.0,
    "5_0_HEURISTIC_SCAN": 7.18477908310921,
    "5_0_OBSERVE": 63.88270965799331,
    "4_0_SIGNATURE_SCAN": 1.4302407311500822,
    "4_1_SIGNATURE_SCAN": 101.69825700950514,
    "5_1_IGNORE": 55.16219417415662,
    "4_1_IGNORE": -3.396538327924667,
    "5_1_HEURISTIC_SCAN": 102.20111389912032,
    "4_0_HEURISTIC_SCAN": -5.980231647288539,
    "4_1_HEURISTIC_SCAN": 41.764827893527894,
    "5_1_OBSERVE": 55.72156930812611,
    "4_2_HEURISTIC_SCAN": 9.97104056348374,
    "4_0_OBSERVE": 3.9872198201743765,
    "3_1_SIGNATURE_SCAN": 9.967052745480897
}