{
    "1_0_SIGNATURE_SCAN": 0.0,
    "1_0_OBSERVE": 0.0,
    "1_0_HEURISTIC_SCAN": -9.581647279655671,
    "1_0_IGNORE": 0.0,
    "1_1_SIGNATURE_SCAN": 9.999,
    "2_0_SIGNATURE_SCAN": 0.0,
    "4_2_OBSERVE": 55.313388744147524,
    "3_2_SIGNATURE_SCAN": 107.54922286340418,
    "4_0_OBSERVE": 30.44474474366525,
    "3_1_SIGNATURE_SCAN": 31.180227487732463,
    "4_1_SIGNATURE_SCAN": 34.11517244279788,
    "5_1_SIGNATURE_SCAN": 0.0,
    "5_2_SIGNATURE_SCAN": 0.0,
    "5_3_SIGNATURE_SCAN": 0.0,
    "5_3_OBSERVE": 14.964191330420972,
    "4_4_SIGNATURE_SCAN": 0.0,
    "4_4_OBSERVE": 7.799065261531418,
    "4_5_SIGNATURE_SCAN": 9.981017090313875,
    "5_4_SIGNATURE_SCAN": 0.0,
    "5_5_HEURISTIC_SCAN": 19.490981823879803,
    "5_2_HEURISTIC_SCAN": 61.83240083455551,
    "5_0_SIGNATURE_SCAN": 0.0,
    "5_1_IGNORE": -19.934105490961795,
    "5_1_OBSERVE": 40.794768604242954,
    "3_3_SIGNATURE_SCAN": 37.152542365362635,
    "4_3_SIGNATURE_SCAN": 54.19634899027967,
    "5_2_OBSERVE": 23.31591451930033,
    "3_4_SIGNATURE_SCAN": 9.910399327750808,
    "5_4_IGNORE": -19.8168346939785,
    "5_0_OBSERVE": 21.46566727888927,
    "4_1_OBSERVE": 64.37248426246296,
    "3_0_OBSERVE": 0.0,
    "2_1_SIGNATURE_SCAN": 9.897523535902543,
    "4_3_IGNORE": -19.38840245729159,
    "4_3_HEURISTIC_SCAN": 17.051346601282162,
    "3_0_SIGNATURE_SCAN": 0.0,
    "4_0_IGNORE": 8.737038827723119,
    "3_1_OBSERVE": 20.223092850131973,
    "4_2_HEURISTIC_SCAN": 28.626887342744922,
    "4_1_IGNORE": 2.062660192751078,
    "2_2_HEURISTIC_SCAN": 9.775545969005499
}