{
    "1_0_SIGNATURE_SCAN": 0.0,
    "1_0_OBSERVE": 0.0,
    "1_0_HEURISTIC_SCAN": -9.581647279655671,
    "1_0_IGNORE": 0.0,
    "1_1_SIGNATURE_SCAN": 9.999,
    "2_0_SIGNATURE_SCAN": 0.0,
    "4_2_OBSERVE": 99.76967735430337,
    "3_2_SIGNATURE_SCAN": 249.9151194430461,
    "4_0_OBSERVE": 99.99999994572332,
    "3_1_SIGNATURE_SCAN": 154.34211171589382,
    "4_1_SIGNATURE_SCAN": 81.4642209056697,
    "5_1_SIGNATURE_SCAN": 32.63640530402365,
    "5_2_SIGNATURE_SCAN": 28.90608271281618,
    "5_3_SIGNATURE_SCAN": 0.0,
    "5_3_OBSERVE": 24.709810314131914,
    "4_4_SIGNATURE_SCAN": 0.0,
    "4_4_OBSERVE": 11.46577288382711,
    "4_5_SIGNATURE_SCAN": 9.981017090313875,
    "5_4_SIGNATURE_SCAN": 0.0,
    "5_5_HEURISTIC_SCAN": 19.490981823879803,
    "5_2_HEURISTIC_SCAN": 126.5215189969466,
    "5_0_SIGNATURE_SCAN": 0.0,
    "5_1_IGNORE": -0.6255374611801097,
    "5_1_OBSERVE": 81.67864062553261,
    "3_3_SIGNATURE_SCAN": 190.33495648015156,
    "4_3_SIGNATURE_SCAN": 149.0923823842199,
    "5_2_OBSERVE": 23.31591451930033,
    "3_4_SIGNATURE_SCAN": 9.910399327750808,
    "5_4_IGNORE": -19.8168346939785,
    "5_0_OBSERVE": 56.39131522918935,
    "4_1_OBSERVE": 99.99999870000217,
    "3_0_OBSERVE": 0.0,
    "2_1_SIGNATURE_SCAN": 9.897523535902543,
    "4_3_IGNORE": -19.38840245729159,
    "4_3_HEURISTIC_SCAN": 46.05504427862886,
    "3_0_SIGNATURE_SCAN": 0.0,
    "4_0_IGNORE": 68.87384828166617,
    "3_1_OBSERVE": 147.77933010546343,
    "4_2_HEURISTIC_SCAN": 74.96309551402773,
    "4_1_IGNORE": 39.023171198084334,
    "2_2_HEURISTIC_SCAN": 25.26490713179033,
    "5_1_HEURISTIC_SCAN": 25.509997578667328,
    "3_2_HEURISTIC_SCAN": 215.04174146621088,
    "3_1_IGNORE": 124.69506740163763,
    "5_2_IGNORE": 3.9581600367429335,
    "5_0_HEURISTIC_SCAN": 1.7195389591721424,
    "5_4_HEURISTIC_SCAN": 9.909408287818032,
    "2_3_SIGNATURE_SCAN": 28.631596088529108,
    "4_2_SIGNATURE_SCAN": 31.379568020722658,
    "3_1_HEURISTIC_SCAN": 142.91207609226933,
    "3_2_OBSERVE": 161.9655865511602,
    "2_2_IGNORE": -26.28061432165105,
    "3_3_IGNORE": 9.901829697119338,
    "3_4_HEURISTIC_SCAN": 13.4879257734569,
    "4_0_SIGNATURE_SCAN": 63.727274672874614,
    "4_0_HEURISTIC_SCAN": 34.4180572818002,
    "4_1_HEURISTIC_SCAN": 94.89618403595279,
    "3_2_IGNORE": 93.52824526164355,
    "4_3_OBSERVE": 38.79035667585177,
    "3_0_HEURISTIC_SCAN": -11.485084864543044
}