{
    "1_0_HEURISTIC_SCAN": -5.9994000000000005,
    "2_2_SIGNATURE_SCAN": 9.9980001,
    "3_1_IGNORE": -19.99400059998,
    "4_3_SIGNATURE_SCAN": 9.996000599960002,
    "5_1_SIGNATURE_SCAN": 11.30401457115328,
    "5_2_SIGNATURE_SCAN": 37.64124676046693,
    "5_1_HEURISTIC_SCAN": 9.209742586288103,
    "5_0_SIGNATURE_SCAN": 0.0,
    "5_2_IGNORE": -22.782605086464635,
    "5_0_HEURISTIC_SCAN": -5.994602159496076,
    "5_1_OBSERVE": 8.596537766732444,
    "5_2_HEURISTIC_SCAN": 17.043674826154817
}