{
    "1_0_SIGNATURE_SCAN": 0.0,
    "5_0_SIGNATURE_SCAN": 33.80510861616353,
    "5_1_SIGNATURE_SCAN": 34.67673818969903,
    "5_0_OBSERVE": 59.221965287428375,
    "4_0_SIGNATURE_SCAN": 0.0,
    "4_1_SIGNATURE_SCAN": 28.783776921326737,
    "4_0_DEPLOY_TRAP": 3.7218910912139487,
    "5_0_DEPLOY_DECOY": 14.00462056082627,
    "4_0_OBSERVE": 25.68233032225847,
    "3_0_IGNORE": 0.0,
    "3_0_DEPLOY_DECOY": 3.684740890801622,
    "3_0_DEPLOY_TRAP": 1.4381291227882633,
    "4_0_THREAT_HUNT": -0.15502119922988178,
    "3_0_NETWORK_HUNT": -0.5608076976503947,
    "5_0_IGNORE": 17.9884134252335,
    "3_0_OBSERVE": 2.118512492844461,
    "4_0_IGNORE": 3.2094734083808403,
    "3_0_THREAT_HUNT": -0.5600790849131024,
    "2_0_SIGNATURE_SCAN": 0.0,
    "2_1_SIGNATURE_SCAN": 9.979020986705983,
    "3_1_HEURISTIC_SCAN": 19.553013059674928,
    "4_0_NETWORK_HUNT": 2.513795836420463,
    "2_1_HEURISTIC_SCAN": 13.55172928454727,
    "5_1_NETWORK_HUNT": 16.315741103023424,
    "5_1_DEPLOY_TRAP": 15.880777567470467,
    "5_1_THREAT_HUNT": 10.966786229647193,
    "5_1_DEPLOY_DECOY": 12.959100100120407,
    "5_2_SIGNATURE_SCAN": 0.0,
    "5_2_IGNORE": -19.92812585731774,
    "5_3_DEPLOY_TRAP": 0.0,
    "5_2_DEPLOY_DECOY": 11.046328512689366,
    "5_3_SIGNATURE_SCAN": 19.52908236625628,
    "5_3_IGNORE": -19.9181637870024,
    "4_2_SIGNATURE_SCAN": 0.0
}