{
    "1_0_SIGNATURE_SCAN": 0.0,
    "1_0_OBSERVE": 0.0,
    "1_0_HEURISTIC_SCAN": -9.581647279655671,
    "1_0_IGNORE": 0.0,
    "1_1_SIGNATURE_SCAN": 9.999,
    "2_0_SIGNATURE_SCAN": 0.0,
    "4_2_OBSERVE": 80.10083710925136,
    "3_2_SIGNATURE_SCAN": 210.60186812820183,
    "4_0_OBSERVE": 85.594913144491,
    "3_1_SIGNATURE_SCAN": 120.64134264650879,
    "4_1_SIGNATURE_SCAN": 54.23947265729308,
    "5_1_SIGNATURE_SCAN": 32.63640530402365,
    "5_2_SIGNATURE_SCAN": 28.90608271281618,
    "5_3_SIGNATURE_SCAN": 0.0,
    "5_3_OBSERVE": 24.709810314131914,
    "4_4_SIGNATURE_SCAN": 0.0,
    "4_4_OBSERVE": 11.46577288382711,
    "4_5_SIGNATURE_SCAN": 9.981017090313875,
    "5_4_SIGNATURE_SCAN": 0.0,
    "5_5_HEURISTIC_SCAN": 19.490981823879803,
    "5_2_HEURISTIC_SCAN": 106.10981150924829,
    "5_0_SIGNATURE_SCAN": 0.0,
    "5_1_IGNORE": -0.6255374611801097,
    "5_1_OBSERVE": 70.29099601833269,
    "3_3_SIGNATURE_SCAN": 89.8023294596791,
    "4_3_SIGNATURE_SCAN": 86.03826572669723,
    "5_2_OBSERVE": 23.31591451930033,
    "3_4_SIGNATURE_SCAN": 9.910399327750808,
    "5_4_IGNORE": -19.8168346939785,
    "5_0_OBSERVE": 43.1501715416652,
    "4_1_OBSERVE": 97.32443119112787,
    "3_0_OBSERVE": 0.0,
    "2_1_SIGNATURE_SCAN": 9.897523535902543,
    "4_3_IGNORE": -19.38840245729159,
    "4_3_HEURISTIC_SCAN": 46.05504427862886,
    "3_0_SIGNATURE_SCAN": 0.0,
    "4_0_IGNORE": 16.188905293523675,
    "3_1_OBSERVE": 72.56329979774989,
    "4_2_HEURISTIC_SCAN": 71.8966103519265,
    "4_1_IGNORE": 34.612633503933225,
    "2_2_HEURISTIC_SCAN": 9.775545969005499,
    "5_1_HEURISTIC_SCAN": 25.509997578667328,
    "3_2_HEURISTIC_SCAN": 172.6818265359363,
    "3_1_IGNORE": 23.91020334192425,
    "5_2_IGNORE": 3.9581600367429335,
    "5_0_HEURISTIC_SCAN": 1.7195389591721424,
    "5_4_HEURISTIC_SCAN": 9.909408287818032,
    "2_3_SIGNATURE_SCAN": 28.631596088529108,
    "4_2_SIGNATURE_SCAN": 31.379568020722658,
    "3_1_HEURISTIC_SCAN": 37.64042145872319,
    "3_2_OBSERVE": 130.30593381621102,
    "2_2_IGNORE": -26.28061432165105,
    "3_3_IGNORE": 9.901829697119338,
    "3_4_HEURISTIC_SCAN": 13.4879257734569,
    "4_0_SIGNATURE_SCAN": 26.30723448173205,
    "4_0_HEURISTIC_SCAN": 34.4180572818002,
    "4_1_HEURISTIC_SCAN": 71.08344165259764,
    "3_2_IGNORE": 53.8912174936616
}