{
    "1_0_SIGNATURE_SCAN": 0.0,
    "1_0_OBSERVE": 0.0,
    "1_0_HEURISTIC_SCAN": -9.581647279655671,
    "1_0_IGNORE": 0.0,
    "1_1_SIGNATURE_SCAN": 9.999,
    "2_0_SIGNATURE_SCAN": 0.0,
    "4_2_OBSERVE": 84.32444297012923,
    "3_2_SIGNATURE_SCAN": 222.1819053351748,
    "4_0_OBSERVE": 97.03162549252283,
    "3_1_SIGNATURE_SCAN": 181.08779177212656,
    "4_1_SIGNATURE_SCAN": 87.17967877231486,
    "5_1_SIGNATURE_SCAN": 45.66555912030418,
    "5_2_SIGNATURE_SCAN": 28.90608271281618,
    "5_3_SIGNATURE_SCAN": 19.8875716858583,
    "5_3_OBSERVE": 27.709094973567115,
    "4_4_SIGNATURE_SCAN": 0.0,
    "4_4_OBSERVE": 11.46577288382711,
    "4_5_SIGNATURE_SCAN": 9.981017090313875,
    "5_4_SIGNATURE_SCAN": 0.0,
    "5_5_HEURISTIC_SCAN": 19.490981823879803,
    "5_2_HEURISTIC_SCAN": 131.415143947016,
    "5_0_SIGNATURE_SCAN": 0.0,
    "5_1_IGNORE": 16.185958123095023,
    "5_1_OBSERVE": 88.77860087446402,
    "3_3_SIGNATURE_SCAN": 108.17076118808761,
    "4_3_SIGNATURE_SCAN": 110.68287326786486,
    "5_2_OBSERVE": 23.31591451930033,
    "3_4_SIGNATURE_SCAN": 9.910399327750808,
    "5_4_IGNORE": -19.8168346939785,
    "5_0_OBSERVE": 60.52168899285898,
    "4_1_OBSERVE": 99.56810317317449,
    "3_0_OBSERVE": 0.0,
    "2_1_SIGNATURE_SCAN": 19.395601300570295,
    "4_3_IGNORE": 3.7854686766255696,
    "4_3_HEURISTIC_SCAN": 93.57195562327163,
    "3_0_SIGNATURE_SCAN": 0.0,
    "4_0_IGNORE": 69.92538520850586,
    "3_1_OBSERVE": 90.94486325357681,
    "4_2_HEURISTIC_SCAN": 112.83189607711194,
    "4_1_IGNORE": 34.612633503933225,
    "2_2_HEURISTIC_SCAN": 18.902864958935954,
    "5_1_HEURISTIC_SCAN": 56.6441295534819,
    "3_2_HEURISTIC_SCAN": 179.4156596129182,
    "3_1_IGNORE": 55.78049563719244,
    "5_2_IGNORE": 3.9581600367429335,
    "5_0_HEURISTIC_SCAN": 18.622287320911415,
    "5_4_HEURISTIC_SCAN": 9.909408287818032,
    "2_3_SIGNATURE_SCAN": 28.631596088529108,
    "4_2_SIGNATURE_SCAN": 129.7422743987524,
    "3_1_HEURISTIC_SCAN": 121.32998737053263,
    "3_2_OBSERVE": 178.59618312185478,
    "2_2_IGNORE": -26.28061432165105,
    "3_3_IGNORE": 20.526367136138195,
    "3_4_HEURISTIC_SCAN": 22.909698237552806,
    "4_0_SIGNATURE_SCAN": 49.97648450056177,
    "4_0_HEURISTIC_SCAN": 65.55277904056334,
    "4_1_HEURISTIC_SCAN": 87.7206027983379,
    "3_2_IGNORE": 125.16584370442992,
    "2_4_SIGNATURE_SCAN": 9.949127291999671,
    "4_3_OBSERVE": 39.32000625822497,
    "4_2_IGNORE": 28.606309097017082,
    "5_0_IGNORE": 17.698170396383357,
    "3_0_IGNORE": 0.0
}