{
    "1_0_SIGNATURE_SCAN": 0.0,
    "5_0_SIGNATURE_SCAN": 0.0,
    "5_0_OBSERVE": 3.9972008398600147,
    "4_0_SIGNATURE_SCAN": 0.0,
    "4_0_HEURISTIC_SCAN": -9.592081297474751,
    "4_0_IGNORE": 0.0,
    "4_0_OBSERVE": 3.9932054372809516,
    "3_0_SIGNATURE_SCAN": 0.0,
    "3_0_HEURISTIC_SCAN": -5.988011393162907
}