{
    "1_0_SIGNATURE_SCAN": 0.0,
    "1_6_IGNORE": -19.9960002,
    "1_13_OBSERVE": 0.0,
    "2_17_HEURISTIC_SCAN": 9.996000599960002,
    "3_0_SIGNATURE_SCAN": 0.0,
    "3_0_HEURISTIC_SCAN": -5.99640089988001,
    "4_0_SIGNATURE_SCAN": 0.0,
    "4_0_DEPLOY_DECOY": 0.0,
    "4_0_THREAT_HUNT": -1.998000899760042,
    "4_0_IGNORE": 0.0,
    "4_0_HEURISTIC_SCAN": -5.983821042460525,
    "4_1_SIGNATURE_SCAN": 9.972037767260465,
    "5_0_SIGNATURE_SCAN": 0.0
}