{
    "1_0_SIGNATURE_SCAN": 0.0,
    "1_0_OBSERVE": 0.0,
    "1_0_HEURISTIC_SCAN": -9.581647279655671,
    "1_0_IGNORE": 0.0,
    "1_1_SIGNATURE_SCAN": 9.999,
    "2_0_SIGNATURE_SCAN": 0.0,
    "4_2_OBSERVE": 99.95153816861553,
    "3_2_SIGNATURE_SCAN": 249.98994765290476,
    "4_0_OBSERVE": 99.9999999999341,
    "3_1_SIGNATURE_SCAN": 220.04190885978602,
    "4_1_SIGNATURE_SCAN": 81.4642209056697,
    "5_1_SIGNATURE_SCAN": 32.63640530402365,
    "5_2_SIGNATURE_SCAN": 28.90608271281618,
    "5_3_SIGNATURE_SCAN": 0.0,
    "5_3_OBSERVE": 24.709810314131914,
    "4_4_SIGNATURE_SCAN": 0.0,
    "4_4_OBSERVE": 11.46577288382711,
    "4_5_SIGNATURE_SCAN": 9.981017090313875,
    "5_4_SIGNATURE_SCAN": 0.0,
    "5_5_HEURISTIC_SCAN": 19.490981823879803,
    "5_2_HEURISTIC_SCAN": 130.36307889394428,
    "5_0_SIGNATURE_SCAN": 0.0,
    "5_1_IGNORE": -0.6255374611801097,
    "5_1_OBSERVE": 84.80544779620043,
    "3_3_SIGNATURE_SCAN": 198.98277998568048,
    "4_3_SIGNATURE_SCAN": 166.42443751123366,
    "5_2_OBSERVE": 23.31591451930033,
    "3_4_SIGNATURE_SCAN": 9.910399327750808,
    "5_4_IGNORE": -19.8168346939785,
    "5_0_OBSERVE": 57.74789672159336,
    "4_1_OBSERVE": 99.99999998737245,
    "3_0_OBSERVE": 0.0,
    "2_1_SIGNATURE_SCAN": 9.897523535902543,
    "4_3_IGNORE": -19.38840245729159,
    "4_3_HEURISTIC_SCAN": 46.05504427862886,
    "3_0_SIGNATURE_SCAN": 0.0,
    "4_0_IGNORE": 75.34340506678784,
    "3_1_OBSERVE": 138.76231512689841,
    "4_2_HEURISTIC_SCAN": 74.96309551402773,
    "4_1_IGNORE": 39.331605245901656,
    "2_2_HEURISTIC_SCAN": 25.26490713179033,
    "5_1_HEURISTIC_SCAN": 25.509997578667328,
    "3_2_HEURISTIC_SCAN": 215.04174146621088,
    "3_1_IGNORE": 143.24891917140846,
    "5_2_IGNORE": 3.9581600367429335,
    "5_0_HEURISTIC_SCAN": 1.7195389591721424,
    "5_4_HEURISTIC_SCAN": 9.909408287818032,
    "2_3_SIGNATURE_SCAN": 28.631596088529108,
    "4_2_SIGNATURE_SCAN": 31.379568020722658,
    "3_1_HEURISTIC_SCAN": 139.45253256852146,
    "3_2_OBSERVE": 161.9655865511602,
    "2_2_IGNORE": -26.28061432165105,
    "3_3_IGNORE": 9.901829697119338,
    "3_4_HEURISTIC_SCAN": 13.4879257734569,
    "4_0_SIGNATURE_SCAN": 79.11081274155596,
    "4_0_HEURISTIC_SCAN": 34.4180572818002,
    "4_1_HEURISTIC_SCAN": 94.89618403595279,
    "3_2_IGNORE": 93.52824526164355,
    "4_3_OBSERVE": 38.79035667585177,
    "3_0_HEURISTIC_SCAN": -11.485084864543044,
    "4_0_WIFI_DEFENSE": 35.99639999993374,
    "4_0_WEB_WAF": 35.989201079900404,
    "4_1_WIFI_DEFENSE": 35.96761294682528,
    "4_0_NET_IDS": 35.92447555209517
}