{
    "1_1_SIGNATURE_SCAN": 15.998400000000002,
    "2_0_SIGNATURE_SCAN": 0.0,
    "2_0_HEURISTIC_SCAN": -3.9988001199960004,
    "2_2_SIGNATURE_SCAN": 15.993600959936003,
    "4_2_SIGNATURE_SCAN": 15.992001599840009,
    "5_0_SIGNATURE_SCAN": 0.0,
    "5_1_SIGNATURE_SCAN": 295.3154060224805,
    "5_0_DLP_SCAN": 0.0,
    "5_0_DEPLOY_HONEY_CC": 0.0,
    "5_1_IGNORE": 11.212100431585482,
    "5_1_DEPLOY_HONEY_CC": 58.95927561719656,
    "5_2_SIGNATURE_SCAN": 15.936124642066126,
    "5_0_BACKUP_RESTORE": 0.0,
    "5_1_BACKUP_RESTORE": 163.04665092121482,
    "5_0_IGNORE": 0.0,
    "5_0_HEURISTIC_SCAN": -7.811312531047333
}