{
    "1_0_HEURISTIC_SCAN": -5.9994000000000005,
    "2_2_SIGNATURE_SCAN": 9.9980001,
    "3_1_IGNORE": -19.99400059998,
    "4_3_SIGNATURE_SCAN": 9.996000599960002,
    "5_1_SIGNATURE_SCAN": 13.307520023724889,
    "5_2_SIGNATURE_SCAN": 19.58944227976601,
    "5_1_HEURISTIC_SCAN": 9.209742586288103,
    "5_0_SIGNATURE_SCAN": 0.0,
    "5_2_IGNORE": -16.395599580351927,
    "5_0_HEURISTIC_SCAN": -5.994602159496076
}