{
    "4_1_SIGNATURE_SCAN": 0.0,
    "5_2_SIGNATURE_SCAN": 9.9980001,
    "5_2_IGNORE": -16.395800240016,
    "5_3_SIGNATURE_SCAN": 0.0
}