{
    "5_1_HEURISTIC_SCAN": 9.999,
    "5_0_IGNORE": 0.0,
    "5_0_SIGNATURE_SCAN": 0.0,
    "5_0_OBSERVE": 24.81927085316675,
    "4_0_SIGNATURE_SCAN": 0.0,
    "4_0_DEPLOY_DECOY": 0.0,
    "4_0_IGNORE": 0.0,
    "5_0_DEPLOY_DECOY": 4.138747475674018,
    "4_1_SIGNATURE_SCAN": 9.978023084607312,
    "4_0_OBSERVE": 3.988416225393496,
    "3_0_SIGNATURE_SCAN": 0.0
}