{
    "1_0_SIGNATURE_SCAN": 0.0,
    "1_0_OBSERVE": 0.0,
    "1_0_HEURISTIC_SCAN": -9.581647279655671,
    "1_0_IGNORE": 0.0,
    "1_1_SIGNATURE_SCAN": 9.999,
    "2_0_SIGNATURE_SCAN": 0.0,
    "4_2_OBSERVE": 84.32444297012923,
    "3_2_SIGNATURE_SCAN": 242.18072053419945,
    "4_0_OBSERVE": 99.99970040541416,
    "3_1_SIGNATURE_SCAN": 173.72402914811272,
    "4_1_SIGNATURE_SCAN": 98.72764176916569,
    "5_1_SIGNATURE_SCAN": 45.66555912030418,
    "5_2_SIGNATURE_SCAN": 28.90608271281618,
    "5_3_SIGNATURE_SCAN": 19.8875716858583,
    "5_3_OBSERVE": 27.709094973567115,
    "4_4_SIGNATURE_SCAN": 0.0,
    "4_4_OBSERVE": 11.46577288382711,
    "4_5_SIGNATURE_SCAN": 9.981017090313875,
    "5_4_SIGNATURE_SCAN": 0.0,
    "5_5_HEURISTIC_SCAN": 19.490981823879803,
    "5_2_HEURISTIC_SCAN": 187.9796021905746,
    "5_0_SIGNATURE_SCAN": 27.903529389968885,
    "5_1_IGNORE": 16.185958123095023,
    "5_1_OBSERVE": 98.28630300232199,
    "3_3_SIGNATURE_SCAN": 118.7707578641629,
    "4_3_SIGNATURE_SCAN": 120.74060366931613,
    "5_2_OBSERVE": 78.15490074107254,
    "3_4_SIGNATURE_SCAN": 9.910399327750808,
    "5_4_IGNORE": -19.8168346939785,
    "5_0_OBSERVE": 92.09722119956616,
    "4_1_OBSERVE": 99.99978131411913,
    "3_0_OBSERVE": 0.0,
    "2_1_SIGNATURE_SCAN": 28.232409187384672,
    "4_3_IGNORE": 3.7854686766255696,
    "4_3_HEURISTIC_SCAN": 93.57195562327163,
    "3_0_SIGNATURE_SCAN": 0.0,
    "4_0_IGNORE": 77.54484278507718,
    "3_1_OBSERVE": 163.45276350438786,
    "4_2_HEURISTIC_SCAN": 121.34681808398068,
    "4_1_IGNORE": 37.91808287581886,
    "2_2_HEURISTIC_SCAN": 18.21726928697068,
    "5_1_HEURISTIC_SCAN": 56.6441295534819,
    "3_2_HEURISTIC_SCAN": 200.3437350734328,
    "3_1_IGNORE": 83.7858887541276,
    "5_2_IGNORE": 3.9581600367429335,
    "5_0_HEURISTIC_SCAN": 18.622287320911415,
    "5_4_HEURISTIC_SCAN": 9.909408287818032,
    "2_3_SIGNATURE_SCAN": 44.52851813069916,
    "4_2_SIGNATURE_SCAN": 142.0249672437184,
    "3_1_HEURISTIC_SCAN": 160.33938663610056,
    "3_2_OBSERVE": 195.27888370249858,
    "2_2_IGNORE": -26.28061432165105,
    "3_3_IGNORE": 20.526367136138195,
    "3_4_HEURISTIC_SCAN": 22.909698237552806,
    "4_0_SIGNATURE_SCAN": 80.15430867015891,
    "4_0_HEURISTIC_SCAN": 70.68613114347559,
    "4_1_HEURISTIC_SCAN": 88.53345289861083,
    "3_2_IGNORE": 135.33735862744655,
    "2_4_SIGNATURE_SCAN": 9.949127291999671,
    "4_3_OBSERVE": 39.32000625822497,
    "4_2_IGNORE": 28.606309097017082,
    "5_0_IGNORE": 17.698170396383357,
    "3_0_IGNORE": 0.0
}