{
    "1_7_SIGNATURE_SCAN": 0.0,
    "2_8_SIGNATURE_SCAN": 0.0,
    "3_9_SIGNATURE_SCAN": 0.0,
    "4_10_SIGNATURE_SCAN": 0.0,
    "4_10_HEURISTIC_SCAN": 9.995000999900006,
    "5_9_SIGNATURE_SCAN": 0.0,
    "5_10_SIGNATURE_SCAN": 0.0,
    "5_10_OBSERVE": 3.9988001199960004,
    "4_11_SIGNATURE_SCAN": 0.0,
    "4_12_SIGNATURE_SCAN": 0.0,
    "5_13_SIGNATURE_SCAN": 0.0,
    "5_13_IGNORE": -31.98680459892016,
    "5_1_SIGNATURE_SCAN": 0.0,
    "5_0_SIGNATURE_SCAN": 0.0,
    "5_1_DEPLOY_DECEPTION": 0.0
}