{
    "1_0_SIGNATURE_SCAN": 0.0,
    "1_0_OBSERVE": 0.0,
    "1_0_HEURISTIC_SCAN": -9.581647279655671,
    "1_0_IGNORE": 0.0,
    "1_1_SIGNATURE_SCAN": 9.999,
    "2_0_SIGNATURE_SCAN": 0.0,
    "4_2_OBSERVE": 99.9847117000984,
    "3_2_SIGNATURE_SCAN": 213.3459271830369,
    "4_0_OBSERVE": 99.99999999999929,
    "3_1_SIGNATURE_SCAN": 148.17529454317705,
    "4_1_SIGNATURE_SCAN": 87.53690518871935,
    "5_1_SIGNATURE_SCAN": 77.82077273283764,
    "5_2_SIGNATURE_SCAN": 28.90608271281618,
    "5_3_SIGNATURE_SCAN": 0.0,
    "5_3_OBSERVE": 30.47310389298446,
    "4_4_SIGNATURE_SCAN": 0.0,
    "4_4_OBSERVE": 14.938056271663926,
    "4_5_SIGNATURE_SCAN": 9.981017090313875,
    "5_4_SIGNATURE_SCAN": 0.0,
    "5_5_HEURISTIC_SCAN": 19.490981823879803,
    "5_2_HEURISTIC_SCAN": 172.4402642180588,
    "5_0_SIGNATURE_SCAN": 22.897984310192324,
    "5_1_IGNORE": -0.6255374611801097,
    "5_1_OBSERVE": 92.85638499254175,
    "3_3_SIGNATURE_SCAN": 184.16470643612038,
    "4_3_SIGNATURE_SCAN": 45.82269300608751,
    "5_2_OBSERVE": 23.31591451930033,
    "3_4_SIGNATURE_SCAN": 9.910399327750808,
    "5_4_IGNORE": -19.8168346939785,
    "5_0_OBSERVE": 75.00396532776395,
    "4_1_OBSERVE": 105.39221450102555,
    "3_0_OBSERVE": 0.0,
    "2_1_SIGNATURE_SCAN": 18.644346014790592,
    "4_3_IGNORE": 31.519173819842983,
    "4_3_HEURISTIC_SCAN": 53.99948959870533,
    "3_0_SIGNATURE_SCAN": 0.0,
    "4_0_IGNORE": 81.07961429128432,
    "3_1_OBSERVE": 144.41204632155183,
    "4_2_HEURISTIC_SCAN": 86.73290454188445,
    "4_1_IGNORE": 39.331605245901656,
    "2_2_HEURISTIC_SCAN": 71.03536896935357,
    "5_1_HEURISTIC_SCAN": 46.63755360953631,
    "3_2_HEURISTIC_SCAN": 228.29505390543315,
    "3_1_IGNORE": 143.24891917140846,
    "5_2_IGNORE": 3.9581600367429335,
    "5_0_HEURISTIC_SCAN": 1.7195389591721424,
    "5_4_HEURISTIC_SCAN": 19.34359147709955,
    "2_3_SIGNATURE_SCAN": 37.402606392656494,
    "4_2_SIGNATURE_SCAN": 31.379568020722658,
    "3_1_HEURISTIC_SCAN": 149.65059049312515,
    "3_2_OBSERVE": 161.9655865511602,
    "2_2_IGNORE": -26.28061432165105,
    "3_3_IGNORE": 9.901829697119338,
    "3_4_HEURISTIC_SCAN": 40.22145763202242,
    "4_0_SIGNATURE_SCAN": 86.02719324251103,
    "4_0_HEURISTIC_SCAN": 60.38173518186156,
    "4_1_HEURISTIC_SCAN": 103.33013017513728,
    "3_2_IGNORE": 93.52824526164355,
    "4_3_OBSERVE": 38.79035667585177,
    "3_0_HEURISTIC_SCAN": -12.890067037691566,
    "4_0_WIFI_DEFENSE": 69.99920121342535,
    "4_0_WEB_WAF": 35.989201079900404,
    "4_1_WIFI_DEFENSE": 57.558964536048336,
    "4_0_NET_IDS": 35.92447555209517,
    "3_2_WEB_WAF": 103.85340349202693,
    "4_1_WEB_WAF": 74.58207894213385,
    "4_1_NET_IDS": 59.28561908980184,
    "3_0_WIFI_DEFENSE": 0.0,
    "3_2_NET_IDS": 89.37120812941045,
    "2_1_WIFI_DEFENSE": 3.5297705202220806,
    "4_2_NET_IDS": 35.54943236534652,
    "3_1_NET_IDS": 69.67436527856903,
    "3_1_WEB_WAF": 127.40881148049428,
    "3_4_WIFI_DEFENSE": 8.029970232435586,
    "4_3_WIFI_DEFENSE": 30.7187045692445,
    "4_3_NET_IDS": 30.71563269878758
}