{
    "1_0_HEURISTIC_SCAN": -5.9994000000000005,
    "2_2_SIGNATURE_SCAN": 9.9980001,
    "3_1_IGNORE": -19.99400059998,
    "4_3_SIGNATURE_SCAN": 9.996000599960002,
    "5_1_SIGNATURE_SCAN": 0.0,
    "5_2_SIGNATURE_SCAN": 9.994001499800016,
    "5_1_HEURISTIC_SCAN": 9.993002099650036
}