{
    "1_0_HEURISTIC_SCAN": -5.9994000000000005,
    "1_0_SIGNATURE_SCAN": 0.0,
    "1_1_OBSERVE": 0.0,
    "1_2_SIGNATURE_SCAN": 9.995000999900006,
    "3_1_OBSERVE": 0.0,
    "3_2_IGNORE": -19.986004199300073,
    "3_3_SIGNATURE_SCAN": 9.99200279944007,
    "4_3_OBSERVE": 3.9964014396640506,
    "4_3_HEURISTIC_SCAN": 11.427270959805409,
    "5_1_SIGNATURE_SCAN": 69.53021563482329,
    "5_0_IGNORE": 5.395729271598563,
    "5_0_SIGNATURE_SCAN": 0.0,
    "5_0_HEURISTIC_SCAN": -5.4541821161704425,
    "5_0_OBSERVE": 18.42098529003916,
    "4_0_SIGNATURE_SCAN": 0.0,
    "4_1_SIGNATURE_SCAN": 9.97104056348374
}