{
    "1_0_SIGNATURE_SCAN": 0.0,
    "1_0_OBSERVE": 0.0,
    "1_0_HEURISTIC_SCAN": -9.581647279655671,
    "1_0_IGNORE": 0.0,
    "1_1_SIGNATURE_SCAN": 9.999,
    "2_0_SIGNATURE_SCAN": 0.0,
    "4_2_OBSERVE": 99.99718020508291,
    "3_2_SIGNATURE_SCAN": 213.3459271830369,
    "4_0_OBSERVE": 99.99999999999982,
    "3_1_SIGNATURE_SCAN": 140.572497781431,
    "4_1_SIGNATURE_SCAN": 88.58783449900443,
    "5_1_SIGNATURE_SCAN": 77.82077273283764,
    "5_2_SIGNATURE_SCAN": 28.90608271281618,
    "5_3_SIGNATURE_SCAN": 0.0,
    "5_3_OBSERVE": 86.58680251674716,
    "4_4_SIGNATURE_SCAN": 0.0,
    "4_4_OBSERVE": 21.17972150669961,
    "4_5_SIGNATURE_SCAN": 9.981017090313875,
    "5_4_SIGNATURE_SCAN": 0.0,
    "5_5_HEURISTIC_SCAN": 19.490981823879803,
    "5_2_HEURISTIC_SCAN": 75.96033267928694,
    "5_0_SIGNATURE_SCAN": 22.897984310192324,
    "5_1_IGNORE": -0.6255374611801097,
    "5_1_OBSERVE": 98.5136389028756,
    "3_3_SIGNATURE_SCAN": 156.37836064639234,
    "4_3_SIGNATURE_SCAN": 45.82269300608751,
    "5_2_OBSERVE": 23.31591451930033,
    "3_4_SIGNATURE_SCAN": 9.910399327750808,
    "5_4_IGNORE": -19.8168346939785,
    "5_0_OBSERVE": 87.4073477466228,
    "4_1_OBSERVE": 100.13017905175045,
    "3_0_OBSERVE": 0.0,
    "2_1_SIGNATURE_SCAN": 17.923719728216433,
    "4_3_IGNORE": 31.519173819842983,
    "4_3_HEURISTIC_SCAN": 68.14922264622368,
    "3_0_SIGNATURE_SCAN": 0.0,
    "4_0_IGNORE": 81.07961429128432,
    "3_1_OBSERVE": 168.12540242333145,
    "4_2_HEURISTIC_SCAN": 86.73290454188445,
    "4_1_IGNORE": 39.331605245901656,
    "2_2_HEURISTIC_SCAN": 77.95187441951425,
    "5_1_HEURISTIC_SCAN": 46.63755360953631,
    "3_2_HEURISTIC_SCAN": 246.67319425602983,
    "3_1_IGNORE": 143.24891917140846,
    "5_2_IGNORE": 3.9581600367429335,
    "5_0_HEURISTIC_SCAN": 1.7195389591721424,
    "5_4_HEURISTIC_SCAN": 28.16032188482356,
    "2_3_SIGNATURE_SCAN": 37.402606392656494,
    "4_2_SIGNATURE_SCAN": 31.379568020722658,
    "3_1_HEURISTIC_SCAN": 246.95283006247644,
    "3_2_OBSERVE": 161.9655865511602,
    "2_2_IGNORE": -26.28061432165105,
    "3_3_IGNORE": 9.901829697119338,
    "3_4_HEURISTIC_SCAN": 69.36850817011022,
    "4_0_SIGNATURE_SCAN": 86.02719324251103,
    "4_0_HEURISTIC_SCAN": 60.38173518186156,
    "4_1_HEURISTIC_SCAN": 98.2456390679271,
    "3_2_IGNORE": 93.52824526164355,
    "4_3_OBSERVE": 38.79035667585177,
    "3_0_HEURISTIC_SCAN": -12.890067037691566,
    "4_0_WIFI_DEFENSE": 69.99920121342535,
    "4_0_WEB_WAF": 35.989201079900404,
    "4_1_WIFI_DEFENSE": 57.558964536048336,
    "4_0_NET_IDS": 35.92447555209517,
    "3_2_WEB_WAF": 103.85340349202693,
    "4_1_WEB_WAF": 92.46838354880079,
    "4_1_NET_IDS": 98.11894596129854,
    "3_0_WIFI_DEFENSE": 0.0,
    "3_2_NET_IDS": 135.8263886326418,
    "2_1_WIFI_DEFENSE": 3.5297705202220806,
    "4_2_NET_IDS": 35.54943236534652,
    "3_1_NET_IDS": 69.67436527856903,
    "3_1_WEB_WAF": 144.18911337353342,
    "3_4_WIFI_DEFENSE": 8.029970232435586,
    "4_3_WIFI_DEFENSE": 30.7187045692445,
    "4_3_NET_IDS": 30.71563269878758,
    "5_3_HEURISTIC_SCAN": 22.926852814326555,
    "4_4_WEB_WAF": 5.117972406417222,
    "3_5_SIGNATURE_SCAN": 9.51512471468599,
    "5_0_NET_IDS": 25.579392080938117,
    "4_2_WEB_WAF": 46.02422337740619,
    "4_2_WIFI_DEFENSE": 32.6572565332124
}