{
    "1_0_SIGNATURE_SCAN": 0.0,
    "1_6_IGNORE": -19.9960002,
    "1_13_OBSERVE": 0.0,
    "2_17_HEURISTIC_SCAN": 9.996000599960002,
    "3_0_SIGNATURE_SCAN": 0.0,
    "3_0_HEURISTIC_SCAN": -9.591722988049712,
    "4_0_SIGNATURE_SCAN": 0.0,
    "4_0_DEPLOY_DECOY": 1.4349685585827356,
    "4_0_THREAT_HUNT": -3.1971205126505926,
    "4_0_IGNORE": 13.968485916055275,
    "4_0_HEURISTIC_SCAN": -3.083967150237938,
    "4_1_SIGNATURE_SCAN": 13.549969795883962,
    "5_0_SIGNATURE_SCAN": 0.0,
    "5_0_IGNORE": 0.0,
    "5_0_OBSERVE": 33.45697953070381,
    "5_0_THREAT_HUNT": -1.9994000599980002,
    "4_0_OBSERVE": 27.817200864229953,
    "2_6_SIGNATURE_SCAN": 9.962070215713767,
    "3_1_SIGNATURE_SCAN": 6.3629498587182844,
    "3_0_THREAT_HUNT": -3.9143817662272062,
    "3_0_IGNORE": 0.0,
    "3_0_OBSERVE": 0.0,
    "4_1_IGNORE": -26.11701630986275,
    "5_1_SIGNATURE_SCAN": 0.0,
    "5_1_HEURISTIC_SCAN": 19.55115721255011,
    "3_0_DEPLOY_DECOY": 0.0,
    "5_2_SIGNATURE_SCAN": 9.955098858248878,
    "5_1_DEPLOY_DECOY": 0.0,
    "4_2_SIGNATURE_SCAN": 0.0,
    "3_2_SIGNATURE_SCAN": 0.0,
    "3_2_IGNORE": -31.97240436604277,
    "3_1_THREAT_HUNT": 1.5858694216624318,
    "4_2_THREAT_HUNT": -1.9976013195600988,
    "4_2_OBSERVE": 15.037416022566438,
    "3_2_OBSERVE": 0.0,
    "4_4_SIGNATURE_SCAN": 0.0,
    "2_8_SIGNATURE_SCAN": 9.98900549835033,
    "4_4_IGNORE": -19.976013195600988,
    "4_4_HEURISTIC_SCAN": 28.771795813918928,
    "2_5_SIGNATURE_SCAN": 9.978023084607312,
    "4_1_OBSERVE": 9.712732416566675,
    "3_1_DEPLOY_DECOY": 6.220708714790812,
    "3_1_IGNORE": -27.447466357491322,
    "5_0_HEURISTIC_SCAN": 3.9201111910977486,
    "4_1_DEPLOY_DECOY": 5.269113187090796,
    "4_1_THREAT_HUNT": 3.066141717940787,
    "5_2_OBSERVE": 7.5830772054107,
    "3_3_SIGNATURE_SCAN": 0.0,
    "2_9_SIGNATURE_SCAN": 9.994001499800016,
    "5_4_HEURISTIC_SCAN": 9.999,
    "3_3_THREAT_HUNT": -3.1958010621749526,
    "4_4_DEPLOY_DECOY": 3.5884978381569383,
    "5_13_SIGNATURE_SCAN": 9.972037767260465,
    "5_3_IGNORE": -19.94208112696748,
    "4_3_SIGNATURE_SCAN": 0.0,
    "3_3_OBSERVE": 0.0,
    "5_3_SIGNATURE_SCAN": 0.0,
    "2_3_SIGNATURE_SCAN": 0.0,
    "5_3_OBSERVE": 3.9892140283070168,
    "4_3_OBSERVE": 7.82274303369069,
    "5_2_HEURISTIC_SCAN": 13.437808535857986,
    "2_0_HEURISTIC_SCAN": -5.991006297270818,
    "2_0_SIGNATURE_SCAN": 0.0,
    "2_7_SIGNATURE_SCAN": 9.986009096361,
    "3_2_THREAT_HUNT": -1.9964030583686119,
    "2_3_DEPLOY_DECOY": 0.0,
    "4_1_HEURISTIC_SCAN": 16.439287639356436,
    "2_10_SIGNATURE_SCAN": 9.979020986705983,
    "3_4_SIGNATURE_SCAN": 9.978023084607312,
    "3_2_HEURISTIC_SCAN": 9.962070215713767
}