{
    "1_0_SIGNATURE_SCAN": 0.0,
    "2_0_SIGNATURE_SCAN": 0.0,
    "3_3_PROCESS_SCAN": 0.0,
    "3_0_SIGNATURE_SCAN": 0.0,
    "4_5_SIGNATURE_SCAN": 15.992001599840009,
    "5_1_SIGNATURE_SCAN": 109.00497130512275,
    "5_2_SIGNATURE_SCAN": 73.70574964053661,
    "5_1_HEURISTIC_SCAN": 30.409128718623634,
    "5_0_SIGNATURE_SCAN": 13.18492779475932,
    "5_2_PROCESS_SCAN": 11.26497284964158,
    "5_2_IGNORE": 4.351281601869146,
    "5_3_SIGNATURE_SCAN": 31.269528544160885,
    "5_0_OBSERVE": 38.414747431189774,
    "4_0_DLP_SCAN": 11.165608175841518,
    "4_0_SIGNATURE_SCAN": 41.95451221473564,
    "4_0_IGNORE": 19.34867198074125,
    "4_1_SIGNATURE_SCAN": 73.62579491062051,
    "5_0_DLP_SCAN": 9.022741055867863,
    "5_0_INTEGRITY_CHECK": 0.7164804539499614,
    "4_0_DEPLOY_HONEY_CC": 38.55230425103757,
    "4_0_BACKUP_RESTORE": 102.30170508581082,
    "5_1_OBSERVE": 6.854431902462275,
    "5_1_PROCESS_SCAN": 4.864318946065519,
    "4_0_PROCESS_SCAN": 5.7004034593242,
    "5_0_DEPLOY_HONEY_CC": 11.966368795740234,
    "4_0_HEURISTIC_SCAN": 57.63996231832629,
    "5_0_PROCESS_SCAN": 15.335412854292176,
    "5_0_BACKUP_RESTORE": 10.601497880222444,
    "5_2_BACKUP_RESTORE": 26.422854931163936,
    "5_0_IGNORE": 10.593019649744065
}