{
    "1_T1046_RECON": 3.9996000000000005,
    "2_T1046_RECON": 64.85125587743487,
    "3_T1046_RECON": 99.99999999999982,
    "4_T1589_LURK": 149.99999999999963,
    "4_T1046_RECON": 144.64711311926735,
    "5_T1003_ROOTKIT": 258.0524867864661,
    "4_T1003_ROOTKIT": 144.911787894621,
    "5_T1589_LURK": 125.80603349771253,
    "4_T1027_OBFUSCATE": 144.438763297135,
    "5_T1027_OBFUSCATE": 212.09112590569754,
    "2_T1589_LURK": 25.9370597766081,
    "3_T1003_ROOTKIT": 110.10958088639399,
    "3_T1589_LURK": 104.42254058685523,
    "3_T1027_OBFUSCATE": 111.73433182869809,
    "5_T1046_RECON": 79.1218500590836,
    "2_T1027_OBFUSCATE": 10.530074581861754,
    "3_T1190_WEB_EXPLOIT": 142.73933291604902,
    "4_T1190_WEB_EXPLOIT": 95.9496129587726,
    "4_T1046_NET_SCAN": 138.03859029979793,
    "3_T1046_NET_SCAN": 78.25456439602621,
    "3_T1046_WIFI_SCAN": 39.98000399959995,
    "4_T1046_WIFI_SCAN": 133.4712672008366,
    "5_T1190_WEB_EXPLOIT": 164.65767217020272,
    "5_T1046_WIFI_SCAN": 158.66554207346087,
    "2_T1190_WEB_EXPLOIT": 26.348203813363515,
    "2_T1003_ROOTKIT": 41.72005580772807
}