{
    "5_T1046_RECON": -39.996,
    "5_T1027_OBFUSCATE": 23.501574622588983,
    "3_T1046_RECON": -39.9920004,
    "2_T1046_RECON": -39.96801119776028,
    "3_T1027_OBFUSCATE": 11.51902917350247,
    "2_T1027_OBFUSCATE": 3.9964014396640506,
    "5_T1003_ROOTKIT": 20.443428206148607,
    "5_T1547_PERSISTENCE": 43.312103930285375,
    "3_T1003_ROOTKIT": 7.833858087613637,
    "4_T1046_RECON": -39.98800119996,
    "4_T1027_OBFUSCATE": 7.8350095548938,
    "3_T1041_EXFILTRATION": 23.988002399760013,
    "3_T1589_LURK": 8.629637700499629,
    "q1": {
        "4_RECON_T1027_OBFUSCATE": 6.4,
        "3_RECON_T1589_LURK": 0.0,
        "3_RECON_T1003_ROOTKIT": 6.4,
        "2_RECON_T1027_OBFUSCATE": 4.0
    },
    "q2": {
        "5_RECON_T1041_EXFILTRATION": 0.0,
        "3_RECON_T1589_LURK": 0.0,
        "4_RECON_T1027_OBFUSCATE": 4.0,
        "3_RECON_T1547_PERSISTENCE": 20.0
    }
}