{
    "1_T1046_RECON": 3.9996000000000005,
    "2_T1046_RECON": 58.97036966947505,
    "3_T1046_RECON": 99.99995755171985,
    "4_T1589_LURK": 149.9998076559345,
    "4_T1046_RECON": 144.95449710227615,
    "5_T1003_ROOTKIT": 266.29912353433286,
    "4_T1003_ROOTKIT": 144.87619167637044,
    "5_T1589_LURK": 57.61694980960152,
    "4_T1027_OBFUSCATE": 144.88904274083953,
    "5_T1027_OBFUSCATE": 211.11603399945272,
    "2_T1589_LURK": 7.460267067496947,
    "3_T1003_ROOTKIT": 99.96207209905157,
    "3_T1589_LURK": 89.90380039896773,
    "3_T1027_OBFUSCATE": 99.89295639986288,
    "5_T1046_RECON": 146.92280985235777,
    "2_T1027_OBFUSCATE": 10.530074581861754
}