{
    "1_T1046_RECON": 21.72389488132096,
    "2_T1046_RECON": 80.06928222288502,
    "3_T1046_RECON": 125.83890946340655,
    "4_T1589_LURK": 149.99999999999963,
    "4_T1046_RECON": 144.94930908138747,
    "5_T1003_ROOTKIT": 297.8281579443356,
    "4_T1003_ROOTKIT": 144.94582161012661,
    "5_T1589_LURK": 125.80603349771253,
    "4_T1027_OBFUSCATE": 144.7864387459086,
    "5_T1027_OBFUSCATE": 212.09112590569754,
    "2_T1589_LURK": 25.9370597766081,
    "3_T1003_ROOTKIT": 110.10958088639399,
    "3_T1589_LURK": 115.87973137721205,
    "3_T1027_OBFUSCATE": 111.73433182869809,
    "5_T1046_RECON": 79.1218500590836,
    "2_T1027_OBFUSCATE": 10.530074581861754,
    "3_T1190_WEB_EXPLOIT": 149.99971733693653,
    "4_T1190_WEB_EXPLOIT": 116.64112930335943,
    "4_T1046_NET_SCAN": 138.03859029979793,
    "3_T1046_NET_SCAN": 128.8692491487318,
    "3_T1046_WIFI_SCAN": 39.98000399959995,
    "4_T1046_WIFI_SCAN": 137.94109610577843,
    "5_T1190_WEB_EXPLOIT": 243.03183198910364,
    "5_T1046_WIFI_SCAN": 233.64853501380995,
    "2_T1190_WEB_EXPLOIT": 46.56696640047101,
    "2_T1003_ROOTKIT": 54.671446938673434,
    "2_T1046_WIFI_SCAN": 26.713942732734484,
    "5_T1046_NET_SCAN": 108.53641180454343
}