{
    "1_T1046_RECON": 3.9996000000000005,
    "2_T1046_RECON": 53.77363946754866,
    "3_T1046_RECON": 99.97006862838026,
    "4_T1589_LURK": 149.93049203826888,
    "4_T1046_RECON": 142.73306291172688,
    "5_T1003_ROOTKIT": 249.8634322303307,
    "4_T1003_ROOTKIT": 143.58682802067432,
    "5_T1589_LURK": 57.61694980960152,
    "4_T1027_OBFUSCATE": 144.2424787299391,
    "5_T1027_OBFUSCATE": 182.38936015330114,
    "2_T1589_LURK": 7.460267067496947,
    "3_T1003_ROOTKIT": 99.90000910788615,
    "3_T1589_LURK": 89.31607843496211,
    "3_T1027_OBFUSCATE": 99.25735557260516,
    "5_T1046_RECON": 146.92280985235777,
    "2_T1027_OBFUSCATE": 10.530074581861754
}