{
    "1_T1027_OBFUSCATE": 3.9996000000000005,
    "2_T1003_ROOTKIT": 7.83846407040064,
    "3_T1046_RECON": 11.522713991669633,
    "5_T1046_RECON": 123.51560590856604,
    "5_T1589_LURK": 22.257462513098467,
    "5_T1003_ROOTKIT": 45.21940460023363,
    "4_T1046_RECON": 3.9992000400000007,
    "1_T1003_ROOTKIT": 5.4393120144000005
}