{
    "1_T1046_RECON": 5.9994000000000005,
    "2_T1046_RECON": 17.284623853040795,
    "3_T1046_RECON": 5.997000599940003,
    "5_T1046_RECON": 379.7373686880199,
    "5_T1048_EXFILTRATION": 34.075743900567915,
    "5_T1036_MASQUERADE": 223.66271832886682,
    "5_T1204_USER_EXECUTION": 113.27185178224617,
    "5_T1589_LURK": 110.21119126081294
}