{
    "1_T1046_RECON": 50.04111107084875,
    "2_T1046_RECON": 98.34777893497284,
    "3_T1046_RECON": 125.83890946340655,
    "4_T1589_LURK": 149.99999999999963,
    "4_T1046_RECON": 144.99948915233193,
    "5_T1003_ROOTKIT": 344.19830827075555,
    "4_T1003_ROOTKIT": 144.99578708840315,
    "5_T1589_LURK": 324.88644115586015,
    "4_T1027_OBFUSCATE": 144.97232246146945,
    "5_T1027_OBFUSCATE": 343.95687498396677,
    "2_T1589_LURK": 60.30019740452122,
    "3_T1003_ROOTKIT": 110.10958088639399,
    "3_T1589_LURK": 115.87973137721205,
    "3_T1027_OBFUSCATE": 111.73433182869809,
    "5_T1046_RECON": 341.4363862762392,
    "2_T1027_OBFUSCATE": 76.65448232295942,
    "3_T1190_WEB_EXPLOIT": 149.99982680958294,
    "4_T1190_WEB_EXPLOIT": 147.4060142146289,
    "4_T1046_NET_SCAN": 143.49633550475608,
    "3_T1046_NET_SCAN": 128.8692491487318,
    "3_T1046_WIFI_SCAN": 39.98000399959995,
    "4_T1046_WIFI_SCAN": 143.47527675884785,
    "5_T1190_WEB_EXPLOIT": 349.99999999999926,
    "5_T1046_WIFI_SCAN": 325.5178015137232,
    "2_T1190_WEB_EXPLOIT": 78.76441223664555,
    "2_T1003_ROOTKIT": 78.55200556166878,
    "2_T1046_WIFI_SCAN": 82.89902374595023,
    "5_T1046_NET_SCAN": 334.9280978940805,
    "2_T1046_NET_SCAN": 58.76302680632319,
    "1_T1046_WIFI_SCAN": 29.10716127987088,
    "1_T1003_ROOTKIT": 40.899608997555845,
    "1_T1547_PERSIST": 19.67167605421906,
    "1_T1589_LURK": 17.265416651568284,
    "2_T1547_PERSIST": 60.0617742717974,
    "4_T1071_C2_BEACON": 113.67999999999974,
    "4_T1547_PERSIST": 57.999999999999865,
    "5_T1547_PERSIST": 137.99999999999974,
    "5_T1071_C2_BEACON": 270.47999999999945
}