{
    "1_T1046_RECON": 7.8388480352001615,
    "2_T1046_RECON": 3.9988001199960004,
    "3_T1046_RECON": 3.998400239984001,
    "4_T1046_RECON": 3.9980003999600022,
    "4_T1003_ROOTKIT": 9.215929698707201,
    "5_T1046_RECON": 299.99999999999926,
    "5_T1027_OBFUSCATE": 299.99999999992565,
    "5_T1003_ROOTKIT": 299.99999999997027,
    "5_T1589_LURK": 284.9999999399124
}