{
    "1_T1046_RECON": -36.13228044339119,
    "2_T1046_RECON": -32.46408725150461,
    "3_T1046_RECON": -32.46811787130614,
    "4_T1046_RECON": 11.517555594745478,
    "5_T1046_RECON": -28.484013614793085,
    "2_T1027_OBFUSCATE": 17.549955640941665,
    "1_T1589_LURK": 1.326412893336352
}