{
    "1_T1046_RECON": 3.9996000000000005,
    "2_T1046_RECON": 63.42519585781858,
    "3_T1046_RECON": 99.99999998149316,
    "4_T1589_LURK": 149.9999997432773,
    "4_T1046_RECON": 144.95449710227615,
    "5_T1003_ROOTKIT": 283.71993379952767,
    "4_T1003_ROOTKIT": 144.87619167637044,
    "5_T1589_LURK": 57.61694980960152,
    "4_T1027_OBFUSCATE": 144.93018531039849,
    "5_T1027_OBFUSCATE": 211.11603399945272,
    "2_T1589_LURK": 7.460267067496947,
    "3_T1003_ROOTKIT": 99.97604181255973,
    "3_T1589_LURK": 89.96275889983731,
    "3_T1027_OBFUSCATE": 99.89295639986288,
    "5_T1046_RECON": 146.92280985235777,
    "2_T1027_OBFUSCATE": 10.530074581861754
}