{
    "1_T1046_RECON": 3.9996000000000005,
    "2_T1046_RECON": 14.96321171730009,
    "3_T1046_RECON": 78.52209209361759,
    "4_T1589_LURK": 125.99676907782761,
    "4_T1046_RECON": 45.48503689302373,
    "5_T1003_ROOTKIT": 177.39250591554799,
    "4_T1003_ROOTKIT": 78.20922439450084,
    "5_T1589_LURK": 57.61694980960152,
    "4_T1027_OBFUSCATE": 64.19871695090455,
    "5_T1027_OBFUSCATE": 122.78913431087093,
    "2_T1589_LURK": 1.4318149403224223,
    "3_T1003_ROOTKIT": 23.15198661209539,
    "3_T1589_LURK": 36.872661254635126
}