{
    "1_T1046_RECON": 3.9996000000000005,
    "2_T1046_RECON": 48.52650460116563,
    "3_T1046_RECON": 99.99999999999982,
    "4_T1589_LURK": 149.99999999999451,
    "4_T1046_RECON": 142.3648205896963,
    "5_T1003_ROOTKIT": 232.84302686757954,
    "4_T1003_ROOTKIT": 144.47934766045793,
    "5_T1589_LURK": 57.61694980960152,
    "4_T1027_OBFUSCATE": 141.67899558430724,
    "5_T1027_OBFUSCATE": 182.38936015330114,
    "2_T1589_LURK": 7.460267067496947,
    "3_T1003_ROOTKIT": 99.81114597860707,
    "3_T1589_LURK": 89.89526034544964,
    "3_T1027_OBFUSCATE": 99.94997271883439,
    "5_T1046_RECON": 79.1218500590836,
    "2_T1027_OBFUSCATE": 10.530074581861754,
    "3_T1190_WEB_EXPLOIT": 41.99579999999994,
    "4_T1190_WEB_EXPLOIT": 59.98200179993527
}