{
    "1_T1046_RECON": 59.26488596473917,
    "2_T1046_RECON": 82.3665764767464,
    "3_T1046_RECON": 125.83890946340655,
    "4_T1589_LURK": 149.99999999999963,
    "4_T1046_RECON": 144.9976349645009,
    "5_T1003_ROOTKIT": 338.81410702743966,
    "4_T1003_ROOTKIT": 144.98829746778708,
    "5_T1589_LURK": 315.79566987739054,
    "4_T1027_OBFUSCATE": 144.7864387459086,
    "5_T1027_OBFUSCATE": 331.5853264399102,
    "2_T1589_LURK": 25.9370597766081,
    "3_T1003_ROOTKIT": 110.10958088639399,
    "3_T1589_LURK": 115.87973137721205,
    "3_T1027_OBFUSCATE": 111.73433182869809,
    "5_T1046_RECON": 299.1716342109625,
    "2_T1027_OBFUSCATE": 10.530074581861754,
    "3_T1190_WEB_EXPLOIT": 149.99974991781187,
    "4_T1190_WEB_EXPLOIT": 137.9908065492092,
    "4_T1046_NET_SCAN": 140.82315417987863,
    "3_T1046_NET_SCAN": 128.8692491487318,
    "3_T1046_WIFI_SCAN": 39.98000399959995,
    "4_T1046_WIFI_SCAN": 137.94109610577843,
    "5_T1190_WEB_EXPLOIT": 349.9999999998962,
    "5_T1046_WIFI_SCAN": 312.5296691895391,
    "2_T1190_WEB_EXPLOIT": 62.76512144052121,
    "2_T1003_ROOTKIT": 54.671446938673434,
    "2_T1046_WIFI_SCAN": 48.8533072398793,
    "5_T1046_NET_SCAN": 328.2134964901346,
    "2_T1046_NET_SCAN": 32.82494160023861,
    "1_T1071_C2_BEACON": 11.820602157275546,
    "1_T1027_OBFUSCATE": 15.068672270219338,
    "1_T1589_LURK": 13.02328836423414,
    "1_T1046_NET_SCAN": 20.484809012050295
}