{
    "1_T1046_RECON": 3.9996000000000005,
    "2_T1046_RECON": 7.8373124063656014,
    "3_T1046_RECON": 7.837312326385601,
    "4_T1046_RECON": 11.517555594745478,
    "5_T1046_RECON": 11.991602519580043,
    "2_T1027_OBFUSCATE": 6.8152956322147284
}