{
    "1_T1589_LURK": 0.0,
    "1_T1046_RECON": 7.837312326385601,
    "2_T1003_ROOTKIT": 7.835776911906404,
    "3_T1046_RECON": 11.514241477791126,
    "4_T1046_RECON": 62.41832313442933,
    "5_T1046_RECON": 149.99659552061914,
    "5_T1589_LURK": 27.076981419781283,
    "4_T1027_OBFUSCATE": 14.014853949533912,
    "5_T1027_OBFUSCATE": 109.63609933587364,
    "4_T1003_ROOTKIT": 24.676713273706792,
    "4_T1589_LURK": 27.278236153324684
}