{
    "1_T1046_RECON": 11.524188290558273,
    "2_T1046_RECON": 3.9996000000000005,
    "3_T1046_RECON": 3.9992000400000007,
    "4_T1046_RECON": 3.9988001199960004,
    "5_T1046_RECON": 298.8155181681425,
    "5_T1589_LURK": 52.917008144118526,
    "5_T1003_ROOTKIT": 237.3878272638085,
    "5_T1027_OBFUSCATE": 252.5075754150581
}