{
    "1_T1046_RECON": 3.9996000000000005,
    "2_T1046_RECON": 38.573209042466864,
    "3_T1046_RECON": 99.99999999492948,
    "4_T1589_LURK": 149.9999998092198,
    "4_T1046_RECON": 138.82444438805118,
    "5_T1003_ROOTKIT": 232.84302686757954,
    "4_T1003_ROOTKIT": 143.65612459493502,
    "5_T1589_LURK": 57.61694980960152,
    "4_T1027_OBFUSCATE": 139.9339964889189,
    "5_T1027_OBFUSCATE": 182.38936015330114,
    "2_T1589_LURK": 7.460267067496947,
    "3_T1003_ROOTKIT": 99.81114597860707,
    "3_T1589_LURK": 89.89526034544964,
    "3_T1027_OBFUSCATE": 99.823430549419,
    "5_T1046_RECON": 79.1218500590836,
    "2_T1027_OBFUSCATE": 10.530074581861754
}