{
    "1_T1046_RECON": 3.9996000000000005,
    "2_T1046_RECON": 38.573209042466864,
    "3_T1046_RECON": 99.41859895199816,
    "4_T1589_LURK": 149.0270021906342,
    "4_T1046_RECON": 129.04321580991078,
    "5_T1003_ROOTKIT": 218.32461883352573,
    "4_T1003_ROOTKIT": 139.24177229094835,
    "5_T1589_LURK": 57.61694980960152,
    "4_T1027_OBFUSCATE": 131.6181596895802,
    "5_T1027_OBFUSCATE": 182.38936015330114,
    "2_T1589_LURK": 7.460267067496947,
    "3_T1003_ROOTKIT": 98.30539320960229,
    "3_T1589_LURK": 85.58084410941434,
    "3_T1027_OBFUSCATE": 98.39624553708092,
    "5_T1046_RECON": 79.1218500590836,
    "2_T1027_OBFUSCATE": 10.530074581861754
}