{
    "1_T1046_RECON": 3.9996000000000005,
    "2_T1046_RECON": 51.88140279990921,
    "3_T1046_RECON": 99.99999999999982,
    "4_T1589_LURK": 149.99999999999963,
    "4_T1046_RECON": 142.3648205896963,
    "5_T1003_ROOTKIT": 235.07446808198685,
    "4_T1003_ROOTKIT": 144.6459118273386,
    "5_T1589_LURK": 57.61694980960152,
    "4_T1027_OBFUSCATE": 142.7494312656534,
    "5_T1027_OBFUSCATE": 182.38936015330114,
    "2_T1589_LURK": 7.460267067496947,
    "3_T1003_ROOTKIT": 99.91596147321388,
    "3_T1589_LURK": 89.92955114361574,
    "3_T1027_OBFUSCATE": 99.94997271883439,
    "5_T1046_RECON": 79.1218500590836,
    "2_T1027_OBFUSCATE": 10.530074581861754,
    "3_T1190_WEB_EXPLOIT": 41.99579999999994,
    "4_T1190_WEB_EXPLOIT": 59.98200179993527,
    "4_T1046_NET_SCAN": 57.98840057999987,
    "3_T1046_NET_SCAN": 39.95602199340125
}