{
    "1_T1046_RECON": 50.04111107084875,
    "2_T1046_RECON": 96.55502590751689,
    "3_T1046_RECON": 125.83890946340655,
    "4_T1589_LURK": 149.99999999999963,
    "4_T1046_RECON": 144.9976349645009,
    "5_T1003_ROOTKIT": 343.66384711792637,
    "4_T1003_ROOTKIT": 144.98829746778708,
    "5_T1589_LURK": 321.477401926434,
    "4_T1027_OBFUSCATE": 144.7864387459086,
    "5_T1027_OBFUSCATE": 342.10243051102003,
    "2_T1589_LURK": 60.30019740452122,
    "3_T1003_ROOTKIT": 110.10958088639399,
    "3_T1589_LURK": 115.87973137721205,
    "3_T1027_OBFUSCATE": 111.73433182869809,
    "5_T1046_RECON": 339.0606437937325,
    "2_T1027_OBFUSCATE": 62.77616656296908,
    "3_T1190_WEB_EXPLOIT": 149.99974991781187,
    "4_T1190_WEB_EXPLOIT": 137.9908065492092,
    "4_T1046_NET_SCAN": 140.82315417987863,
    "3_T1046_NET_SCAN": 128.8692491487318,
    "3_T1046_WIFI_SCAN": 39.98000399959995,
    "4_T1046_WIFI_SCAN": 137.94109610577843,
    "5_T1190_WEB_EXPLOIT": 349.99999999999926,
    "5_T1046_WIFI_SCAN": 325.5178015137232,
    "2_T1190_WEB_EXPLOIT": 62.76512144052121,
    "2_T1003_ROOTKIT": 78.55200556166878,
    "2_T1046_WIFI_SCAN": 82.89902374595023,
    "5_T1046_NET_SCAN": 334.9280978940805,
    "2_T1046_NET_SCAN": 32.82494160023861,
    "1_T1046_WIFI_SCAN": 29.10716127987088,
    "1_T1003_ROOTKIT": 40.899608997555845,
    "1_T1547_PERSIST": 19.67167605421906,
    "1_T1589_LURK": 17.265416651568284,
    "2_T1547_PERSIST": 35.42059553026593
}