{
    "1_T1046_RECON": 5.9994000000000005,
    "2_T1046_RECON": 5.998800060000001,
    "3_T1046_RECON": 11.755968489578402,
    "5_T1046_RECON": 304.11637013266824,
    "5_T1204_USER_EXECUTION": 47.42870878663795,
    "5_T1020_EXFIL_PASTE": 33.17317066245672,
    "5_T1589_LURK": 99.90277591949068,
    "4_T1204_USER_EXECUTION": 28.411950555497043,
    "4_T1046_RECON": 36.949005954071005,
    "5_T1036_MASQUERADE": 53.11929892177619,
    "4_T1486_ENCRYPT": 118.53104249018887,
    "4_T1036_MASQUERADE": 49.429326277651086,
    "4_T1020_EXFIL_PASTE": 34.22520537867633,
    "4_T1048_EXFILTRATION": 50.39096490345524,
    "4_T1027_OBFUSCATE": 49.72094900249578,
    "5_T1027_OBFUSCATE": 70.06720809233877,
    "5_T1048_EXFILTRATION": 89.50649252845581,
    "4_T1589_LURK": 44.48857569432282
}