{
    "1_T1027_OBFUSCATE": 3.9996000000000005,
    "2_T1003_ROOTKIT": 3.9992000400000007,
    "3_T1046_RECON": 7.837312326385601,
    "5_T1046_RECON": 11.994001199880007
}