{
    "1_T1589_LURK": 0.0,
    "1_T1046_RECON": 7.837312326385601,
    "2_T1003_ROOTKIT": 7.835776911906404,
    "3_T1046_RECON": 7.833858087613637,
    "4_T1046_RECON": 18.439640887630205,
    "5_T1046_RECON": 45.13661415729156,
    "5_T1589_LURK": 27.076981419781283
}