{
    "4_T1046_RECON": 3.9996000000000005,
    "5_T1003_ROOTKIT": 34.56924770608159
}