{
    "5_T1046_RECON": -39.996,
    "4_T1046_RECON": -62.540420129228096,
    "4_T1027_OBFUSCATE": 7.834241871656835,
    "3_T1046_RECON": -62.02255890807088,
    "3_T1027_OBFUSCATE": 18.80579502619598,
    "2_T1046_RECON": -39.98800119996,
    "3_T1003_ROOTKIT": 34.50024500912437,
    "4_T1589_LURK": 30.071052372083976,
    "5_T1589_LURK": 11.754241631692839,
    "5_T1027_OBFUSCATE": 34.56372222903162,
    "2_T1027_OBFUSCATE": 11.51681889210501,
    "3_T1589_LURK": 11.430405826031096
}