{
    "1_T1027_OBFUSCATE": 3.9996000000000005,
    "2_T1003_ROOTKIT": 3.9992000400000007,
    "3_T1046_RECON": 7.837312326385601,
    "5_T1046_RECON": 65.16520505160064,
    "5_T1589_LURK": 22.257462513098467,
    "5_T1003_ROOTKIT": 45.21940460023363,
    "4_T1046_RECON": 3.9992000400000007
}