{
    "test_user_1": {
        "created_at": 1770266189.4752364,
        "last_accessed": 1770266189.4752364,
        "status": "active"
    }
}