{
    "11": 3.2776134368191157,
    "498": 5.975446326617363,
    "474": 5.993607578108126
}