{
    "1_0_SIGNATURE_SCAN": 0.0,
    "5_0_SIGNATURE_SCAN": 33.80510861616353,
    "5_1_SIGNATURE_SCAN": 43.288807369063825,
    "5_0_OBSERVE": 63.91995042577688,
    "4_0_SIGNATURE_SCAN": 0.0,
    "4_1_SIGNATURE_SCAN": 28.783776921326737,
    "4_0_DEPLOY_TRAP": 3.7218910912139487,
    "5_0_DEPLOY_DECOY": 14.00462056082627,
    "4_0_OBSERVE": 28.653551053215526,
    "3_0_IGNORE": 0.0,
    "3_0_DEPLOY_DECOY": 3.396041098772751,
    "3_0_DEPLOY_TRAP": 1.4381291227882633,
    "4_0_THREAT_HUNT": -0.15502119922988178,
    "3_0_NETWORK_HUNT": -0.5608076976503947,
    "5_0_IGNORE": 33.251320796214486,
    "3_0_OBSERVE": 2.118512492844461,
    "4_0_IGNORE": 3.2094734083808403,
    "3_0_THREAT_HUNT": -0.5600790849131024,
    "2_0_SIGNATURE_SCAN": 0.0,
    "2_1_SIGNATURE_SCAN": 9.979020986705983,
    "3_1_HEURISTIC_SCAN": 19.553013059674928,
    "4_0_NETWORK_HUNT": 16.74964480888027,
    "2_1_HEURISTIC_SCAN": 13.55172928454727,
    "5_1_NETWORK_HUNT": 16.315741103023424,
    "5_1_DEPLOY_TRAP": 15.880777567470467,
    "5_1_THREAT_HUNT": 10.966786229647193,
    "5_1_DEPLOY_DECOY": 12.959100100120407,
    "5_2_SIGNATURE_SCAN": 0.0,
    "5_2_IGNORE": -19.92812585731774,
    "5_3_DEPLOY_TRAP": 0.0,
    "5_2_DEPLOY_DECOY": 11.046328512689366,
    "5_3_SIGNATURE_SCAN": 19.52908236625628,
    "5_3_IGNORE": -19.9181637870024,
    "4_2_SIGNATURE_SCAN": 0.0,
    "4_0_DEPLOY_DECOY": 10.304967741416087,
    "5_0_RECON_SIGNATURE_SCAN": 0.0,
    "5_0_RECON_THREAT_HUNT": 5.378304598497381,
    "5_0_RECON_HEURISTIC_SCAN": -5.997600359976001,
    "5_0_RECON_IGNORE": 0.0,
    "5_0_RECON_NETWORK_HUNT": 28.934534301286167,
    "4_0_RECON_SIGNATURE_SCAN": 0.0,
    "4_0_RECON_THREAT_HUNT": -1.9988002999600032,
    "4_0_RECON_DEPLOY_TRAP": 6.834351627203692,
    "5_0_RECON_OBSERVE": 10.68880592528459,
    "4_0_RECON_IGNORE": 0.0,
    "4_0_RECON_NETWORK_HUNT": 20.610011913782476,
    "5_0_RECON_DEPLOY_DECOY": 0.0,
    "3_0_RECON_SIGNATURE_SCAN": 0.0,
    "5_0_RECON_DEPLOY_TRAP": 10.36966137792109,
    "5_1_RECON_SIGNATURE_SCAN": 19.55205665802052,
    "4_0_RECON_OBSERVE": 7.3233382692381195,
    "4_1_RECON_SIGNATURE_SCAN": 9.977025282298852,
    "4_0_RECON_HEURISTIC_SCAN": -2.653888489562472,
    "5_0_OBFUSCATE_SIGNATURE_SCAN": 0.0,
    "5_1_OBFUSCATE_SIGNATURE_SCAN": 9.972037767260465,
    "5_1_OBFUSCATE_DEPLOY_TRAP": 0.0,
    "5_0_OBFUSCATE_DEPLOY_TRAP": 0.0,
    "5_1_ROOTKIT_SIGNATURE_SCAN": 9.962070215713767,
    "4_0_ROOTKIT_SIGNATURE_SCAN": 0.0,
    "5_1_ROOTKIT_DEPLOY_DECOY": 3.98642241608254,
    "5_0_ROOTKIT_OBSERVE": 3.986023773840932,
    "4_0_ROOTKIT_OBSERVE": 3.985625171463548,
    "4_0_ROOTKIT_THREAT_HUNT": -0.5630875506789221,
    "3_0_ROOTKIT_SIGNATURE_SCAN": 0.0,
    "5_1_PERSISTENCE_SIGNATURE_SCAN": 0.0,
    "5_1_PERSISTENCE_IGNORE": -19.908206696726108,
    "5_1_PERSISTENCE_DEPLOY_TRAP": 3.8223896248288316,
    "5_1_RECON_DEPLOY_DECOY": 10.983681703367495,
    "5_2_PERSISTENCE_SIGNATURE_SCAN": 0.0,
    "5_2_RECON_SIGNATURE_SCAN": 9.949127291999671,
    "5_4_RECON_SIGNATURE_SCAN": 9.94117077536463,
    "5_3_RECON_DEPLOY_DECOY": 0.0,
    "q1": {
        "5_3_UNKNOWN_DEPLOY_DECOY": 4.0,
        "5_3_RECON_DEPLOY_DECOY": 0.0,
        "4_0_RECON_DEPLOY_TRAP": 32.740638708238386,
        "4_0_RECON_HEURISTIC_SCAN": 16.244477308345672,
        "4_0_RECON_DEPLOY_DECOY": 8.103088705699841,
        "5_0_RECON_OBSERVE": 82.11009154273741,
        "3_0_RECON_HEURISTIC_SCAN": -10.051329529518489,
        "3_0_RECON_OBSERVE": 0.250573824,
        "3_0_RECON_DEPLOY_TRAP": 0.06718463999999999,
        "4_1_RECON_OBSERVE": 7.84,
        "2_7_RECON_DEPLOY_DECOY": 4.0,
        "5_0_ROOTKIT_DEPLOY_TRAP": 0.0,
        "3_1_RECON_IGNORE": -20.0,
        "4_1_RECON_SIGNATURE_SCAN": 0.0,
        "5_1_RECON_NETWORK_HUNT": 6.0,
        "1_10_RECON_NETWORK_HUNT": 6.0,
        "4_2_RECON_DEPLOY_DECOY": 0.0,
        "4_0_RECON_IGNORE": 0.0,
        "4_0_RECON_SIGNATURE_SCAN": 10.077205218502773,
        "5_0_RECON_SIGNATURE_SCAN": 22.19584568991229,
        "5_0_UNKNOWN_DEPLOY_TRAP": 0.0,
        "5_0_UNKNOWN_OBSERVE": 4.0,
        "4_0_UNKNOWN_DEPLOY_DECOY": 0.0,
        "4_0_RECON_NETWORK_HUNT": 26.46576090203029,
        "5_0_RECON_DEPLOY_TRAP": 25.054109725780016,
        "4_0_RECON_OBSERVE": 18.912827030146378,
        "5_0_RECON_THREAT_HUNT": 30.450629151337058,
        "1_12_RECON_NETWORK_HUNT": 6.0,
        "3_1_RECON_DEPLOY_TRAP": 0.0,
        "5_1_OBFUSCATE_DEPLOY_TRAP": 0.0,
        "5_0_OBFUSCATE_OBSERVE": 4.0,
        "4_2_RECON_HEURISTIC_SCAN": 10.0,
        "5_0_RECON_NETWORK_HUNT": 24.89542970530266,
        "3_1_RECON_OBSERVE": 0.0,
        "3_1_RECON_DEPLOY_DECOY": 0.0,
        "5_1_RECON_HEURISTIC_SCAN": 12.16,
        "4_0_RECON_THREAT_HUNT": 16.71260751809127,
        "2_0_RECON_DEPLOY_DECOY": 0.0,
        "3_0_RECON_DEPLOY_DECOY": 4.804708870481511,
        "2_6_RECON_IGNORE": -20.0
    },
    "q2": {
        "5_3_RECON_HEURISTIC_SCAN": 10.0,
        "5_0_RECON_NETWORK_HUNT": 1.5999999999999996,
        "5_0_RECON_DEPLOY_TRAP": 38.03221982316782,
        "4_0_RECON_SIGNATURE_SCAN": 26.007734332828235,
        "3_0_RECON_OBSERVE": -2.16,
        "4_1_RECON_THREAT_HUNT": -2.0,
        "3_0_RECON_IGNORE": 0.0,
        "5_0_RECON_OBSERVE": 81.80260604055063,
        "4_0_RECON_DEPLOY_DECOY": 30.97774860532831,
        "2_13_OBFUSCATE_HEURISTIC_SCAN": 0.0,
        "5_22_RECON_OBSERVE": 4.0,
        "5_0_RECON_THREAT_HUNT": 32.39736224494709,
        "5_1_ROOTKIT_HEURISTIC_SCAN": 10.0,
        "5_0_ROOTKIT_DEPLOY_TRAP": 0.0,
        "5_0_ROOTKIT_THREAT_HUNT": -2.0,
        "3_1_RECON_OBSERVE": 0.0,
        "5_1_RECON_NETWORK_HUNT": 6.0,
        "4_0_RECON_DEPLOY_TRAP": 1.44,
        "4_0_RECON_NETWORK_HUNT": 18.13757296081335,
        "5_1_RECON_HEURISTIC_SCAN": 17.296,
        "5_3_UNKNOWN_DEPLOY_DECOY": 0.0,
        "5_0_UNKNOWN_THREAT_HUNT": -2.0,
        "5_0_UNKNOWN_DEPLOY_DECOY": 0.0,
        "4_0_RECON_IGNORE": 9.600442476868064,
        "5_0_RECON_SIGNATURE_SCAN": 36.127620224773636,
        "3_0_RECON_DEPLOY_TRAP": -2.16,
        "3_0_RECON_NETWORK_HUNT": -1.0400000000000005,
        "4_1_RECON_OBSERVE": 4.0,
        "2_0_RECON_DEPLOY_DECOY": 4.0,
        "4_0_RECON_HEURISTIC_SCAN": 18.72711871272826,
        "5_0_RECON_HEURISTIC_SCAN": 13.094286710983155,
        "5_2_RECON_OBSERVE": 4.0,
        "3_1_RECON_DEPLOY_DECOY": 3.84,
        "4_0_OBFUSCATE_OBSERVE": 4.0,
        "4_0_RECON_OBSERVE": 23.90076000440036,
        "4_0_RECON_THREAT_HUNT": 11.967659127967169,
        "3_0_RECON_THREAT_HUNT": -4.16,
        "3_0_RECON_DEPLOY_DECOY": 4.32868382244864
    }
}