{"OPEN_IDLE": 81.52196247528089, "SLOW_SQL_INJECTION": 0.0, "BLOCKED_BRUTE_FORCE": 26.386613149227376, "BLOCKED_STEALTH_PROBE": 99.93432216866341, "SLOW_XSS_SPRAY": 89.92676386115616, "SLOW_IDLE": 0.52149242721, "OPEN_STEALTH_PROBE": 99.9999999988187, "OPEN_XSS_SPRAY": 89.8439209195906, "OPEN_BRUTE_FORCE": 89.86436005536835, "OPEN_SQL_INJECTION": 89.89124910455298, "BLOCKED_XSS_SPRAY": 26.470538092631998}