{"OPEN_IDLE": 88.89678836408864, "SLOW_SQL_INJECTION": 42.10033282943198, "BLOCKED_BRUTE_FORCE": 25.69565487505807, "BLOCKED_STEALTH_PROBE": 99.18783349364847, "SLOW_XSS_SPRAY": 14.455607331734626, "SLOW_IDLE": 26.247336279774704, "OPEN_STEALTH_PROBE": 99.99999745379894, "OPEN_XSS_SPRAY": 89.75725618928975, "OPEN_BRUTE_FORCE": 89.43026463556761, "SLOW_STEALTH_PROBE": 99.56446632436702, "OPEN_SQL_INJECTION": 88.98134386741619}