{"OPEN_IDLE": 76.79718350678107, "SLOW_SQL_INJECTION": 0.0, "BLOCKED_BRUTE_FORCE": 26.386613149227376, "BLOCKED_STEALTH_PROBE": 99.8086084845275, "SLOW_XSS_SPRAY": 89.03725183036957, "SLOW_IDLE": 0.52149242721, "OPEN_STEALTH_PROBE": 99.99987047935937, "OPEN_XSS_SPRAY": 89.54497088735084, "OPEN_BRUTE_FORCE": 87.8581295990272, "OPEN_SQL_INJECTION": 89.07572081756217, "BLOCKED_XSS_SPRAY": 26.470538092631998}