{"OPEN_IDLE": 55.01723583138334, "SLOW_SQL_INJECTION": 0.0, "BLOCKED_BRUTE_FORCE": 0.0, "BLOCKED_STEALTH_PROBE": 60.35977332856889, "SLOW_XSS_SPRAY": 14.455607331734626, "SLOW_IDLE": 0.52149242721, "OPEN_STEALTH_PROBE": 97.9158571290372, "OPEN_XSS_SPRAY": 64.01085715721779, "OPEN_BRUTE_FORCE": 45.54303800988747, "SLOW_STEALTH_PROBE": 86.06289941747323, "OPEN_SQL_INJECTION": 65.32063322811582}